{"accuracy": [0.8399999737739563, 0.8218749761581421, 0.8462499976158142, 0.8693749904632568, 0.8537499904632568, 0.8587499856948853, 0.8768749833106995, 0.8762500286102295, 0.8581249713897705, 0.8962500095367432, 0.8787500262260437, 0.8981249928474426, 0.8962500095367432, 0.893750011920929, 0.8893749713897705, 0.9125000238418579, 0.9118750095367432, 0.8893749713897705, 0.9081249833106995, 0.918749988079071, 0.9175000190734863, 0.9150000214576721, 0.9043750166893005, 0.9393749833106995, 0.9181249737739563, 0.9212499856948853, 0.9362499713897705, 0.9318749904632568, 0.9200000166893005, 0.9237499833106995, 0.9462500214576721, 0.9362499713897705, 0.9331250190734863, 0.9362499713897705, 0.9368749856948853, 0.9350000023841858, 0.951265811920166, 0.9474999904632568, 0.9337499737739563, 0.9399999976158142, 0.9512500166893005, 0.9256250262260437, 0.9609375, 0.940625011920929, 0.9468749761581421, 0.9612500071525574, 0.9474999904632568, 0.9331250190734863, 0.9549999833106995, 0.9424999952316284], "loss": [0.5006561279296875, 0.5316495299339294, 0.4986429512500763, 0.41235804557800293, 0.45411545038223267, 0.46351760625839233, 0.3885740339756012, 0.38683781027793884, 0.41051194071769714, 0.3490959405899048, 0.3578450381755829, 0.33039626479148865, 0.3227277994155884, 0.32342034578323364, 0.32437363266944885, 0.27839168906211853, 0.27858448028564453, 0.31056612730026245, 0.26923835277557373, 0.25728079676628113, 0.25889113545417786, 0.25205785036087036, 0.27459779381752014, 0.21661052107810974, 0.2652932405471802, 0.2193412333726883, 0.21204538643360138, 0.22444477677345276, 0.26184627413749695, 0.24222314357757568, 0.16717562079429626, 0.19523218274116516, 0.2340097427368164, 0.21636956930160522, 0.1919916868209839, 0.19374531507492065, 0.16300532221794128, 0.17541934549808502, 0.18306849896907806, 0.20286889374256134, 0.18404190242290497, 0.23004622757434845, 0.12847697734832764, 0.18414908647537231, 0.18358300626277924, 0.14441637694835663, 0.16765092313289642, 0.20997199416160583, 0.16171495616436005, 0.19050632417201996], "val_accuracy": [0.8274999856948853, 0.8149999976158142, 0.8912500143051147, 0.7850000262260437, 0.8987500071525574, 0.893750011920929, 0.9012500047683716, 0.8999999761581421, 0.9150000214576721, 0.9100000262260437, 0.9300000071525574, 0.9262499809265137, 0.8374999761581421, 0.9037500023841858, 0.90625, 0.9262499809265137, 0.9087499976158142, 0.9350000023841858, 0.9049999713897705, 0.9300000071525574, 0.918749988079071, 0.9150000214576721, 0.9375, 0.9537500143051147, 0.9225000143051147, 0.9262499809265137, 0.9512500166893005, 0.9287499785423279, 0.9375, 0.9300000071525574, 0.949999988079071, 0.9399999976158142, 0.9087499976158142, 0.90625, 0.9337499737739563, 0.9275000095367432, 0.9312499761581421, 0.9549999833106995, 0.9624999761581421, 0.9437500238418579, 0.90625, 0.9487500190734863, 0.9574999809265137, 0.9612500071525574, 0.9350000023841858, 0.956250011920929, 0.9424999952316284, 0.9612500071525574, 0.9424999952316284, 0.9700000286102295], "val_loss": [0.4953233301639557, 0.5013884902000427, 0.4161458909511566, 0.6932126879692078, 0.3520495593547821, 0.4154294729232788, 0.3060803711414337, 0.3319833278656006, 0.29871246218681335, 0.2528091371059418, 0.23822659254074097, 0.23795317113399506, 0.5278789401054382, 0.3104153573513031, 0.3222181797027588, 0.2674272060394287, 0.27575796842575073, 0.23060281574726105, 0.30479001998901367, 0.30187928676605225, 0.28818467259407043, 0.2328781932592392, 0.1871761828660965, 0.15238572657108307, 0.29488205909729004, 0.274747759103775, 0.15900090336799622, 0.2797766923904419, 0.228409081697464, 0.21714559197425842, 0.159698024392128, 0.2520998418331146, 0.28447940945625305, 0.30827242136001587, 0.21655476093292236, 0.3117753267288208, 0.25680750608444214, 0.16968902945518494, 0.15810517966747284, 0.2067098766565323, 0.31101417541503906, 0.1383325159549713, 0.18411192297935486, 0.14216631650924683, 0.22564218938350677, 0.15448756515979767, 0.18143907189369202, 0.12545374035835266, 0.18130841851234436, 0.07969560474157333]}